university,landing_page,domain,query_used,title,policy_url,method,domain_restricted
Yeshiva Gedolah Keren Hatorah,https://yeshivagedolahkerenhatorah.com/,yeshivagedolahkerenhatorah.com,site:yeshivagedolahkerenhatorah.com Yeshiva Gedolah Keren Hatorah generative AI policy,Yeshiva Gedolah Keren Hatorah,https://www.yeshivagedolahkerenhatorah.com/,exa,True
Yeshiva Gedolah Keren Hatorah,https://yeshivagedolahkerenhatorah.com/,yeshivagedolahkerenhatorah.com,site:yeshivagedolahkerenhatorah.com Yeshiva Gedolah Keren Hatorah academic integrity,Yeshiva Gedolah Keren Hatorah,https://yeshivagedolahkerenhatorah.com/,exa,True
University of Massachusetts Lowell,https://www.uml.edu/,uml.edu,site:uml.edu University of Massachusetts Lowell generative AI policy,Catalog : Academic Integrity,https://www.uml.edu/Catalog/Undergraduate/Policies/Academic-Policies/Academic-Integrity.aspx,exa,True
University of Massachusetts Lowell,https://www.uml.edu/,uml.edu,site:uml.edu University of Massachusetts Lowell generative AI policy,Academic Integrity | Graduate Programs & Policies | Academic Catalog | UMass Lowell,https://www.uml.edu/catalog/graduate/policies/academic-integrity.aspx,exa,True
University of Massachusetts Lowell,https://www.uml.edu/,uml.edu,site:uml.edu University of Massachusetts Lowell generative AI policy,Language Regarding Artificial Intelligence Added to Academic Integrity Policy | MyUML | UMass Lowell,https://www.uml.edu/myuml/submissions/2024/2024-08-29-08-29-16-language-regarding-artificial-intel.aspx,exa,True
University of Massachusetts Lowell,https://www.uml.edu/,uml.edu,site:uml.edu University of Massachusetts Lowell generative AI policy,About the Artificial intelligence (AI) Task Force | Center for Excellence in Learning and Teaching,https://uml.edu/celt/exploring-ai/about.aspx,exa,True
University of Massachusetts Lowell,https://www.uml.edu/,uml.edu,site:uml.edu University of Massachusetts Lowell generative AI policy,Generative Artificial Intelligence (AI) | Software | Information Technology | UMass Lowell,https://www.uml.edu/it/software/it-generative-ai.aspx,exa,True
University of Massachusetts Lowell,https://www.uml.edu/,uml.edu,site:uml.edu University of Massachusetts Lowell generative AI policy,Academic Integrity and Detection | Exploring AI | Center for Excellence in Learning and Teaching | UMass Lowell,https://www.uml.edu/celt/exploring-ai/academic-integrity.aspx,exa,True
University of Massachusetts Lowell,https://www.uml.edu/,uml.edu,site:uml.edu University of Massachusetts Lowell generative AI policy,Research Best Practices,https://www.uml.edu/celt/exploring-ai/research-practices.aspx,exa,True
University of Massachusetts Lowell,https://www.uml.edu/,uml.edu,site:uml.edu University of Massachusetts Lowell generative AI policy,Faculty Senate Call for Comment #8: Request to Update the Policy on Academic Integrity | MyUML | UMass Lowell,https://www.uml.edu/myuml/submissions/2026/2026-02-03-15-06-12-faculty-senate-call-for-comment-8.aspx,exa,True
University of Massachusetts Lowell,https://www.uml.edu/,uml.edu,site:uml.edu University of Massachusetts Lowell generative AI policy,Introducing Artificial Intelligence in Syllabi,https://uml.edu/celt/exploring-ai/ai-in-syllabi.aspx,exa,True
University of Massachusetts Lowell,https://www.uml.edu/,uml.edu,site:uml.edu University of Massachusetts Lowell generative AI policy,Resources for Researchers | Exploring AI | Center for Excellence in Learning and Teaching | UMass Lowell,https://uml.edu/celt/exploring-ai/researchers.aspx,exa,True
University of Massachusetts Lowell,https://www.uml.edu/,uml.edu,site:uml.edu University of Massachusetts Lowell generative AI policy,AI Guidance (Office of Research Integrity) | Center for Excellence in Learning and Teaching,https://uml.edu/celt/exploring-ai/ori-guidance.aspx,exa,True
University of Massachusetts Lowell,https://www.uml.edu/,uml.edu,site:uml.edu University of Massachusetts Lowell AI policy,Academic Integrity | Policies | Undergraduate Programs & Policies | Academic Catalog | UMass Lowell,https://www.uml.edu/catalog/undergraduate/policies/academic-policies/academic-integrity.aspx,exa,True
University of Massachusetts Lowell,https://www.uml.edu/,uml.edu,site:uml.edu University of Massachusetts Lowell AI policy,Resources for Researchers | Exploring AI | Center for Excellence in Learning and Teaching | UMass Lowell,https://www.uml.edu/celt/exploring-ai/researchers.aspx,exa,True
University of Massachusetts Lowell,https://www.uml.edu/,uml.edu,site:uml.edu University of Massachusetts Lowell AI policy,Important Update on AI Tools Usage in Zoom and Teams | MyUML | UMass Lowell,https://www.uml.edu/myuml/submissions/2025/2025-03-31-16-57-30-important-update-on-ai-tools-usage.aspx,exa,True
University of Massachusetts Lowell,https://www.uml.edu/,uml.edu,site:uml.edu University of Massachusetts Lowell AI policy,umass lowell acceptable use policy_tcm18-232750,https://www.uml.edu/docs/umass%20lowell%20acceptable%20use%20policy_tcm18-232750.pdf,exa,True
University of Massachusetts Lowell,https://www.uml.edu/,uml.edu,site:uml.edu University of Massachusetts Lowell AI guidance,Exploring Artificial Intelligence (AI) | Center for Excellence in Learning and Teaching | UMass Lowell,https://www.uml.edu/celt/exploring-ai/,exa,True
University of Massachusetts Lowell,https://www.uml.edu/,uml.edu,site:uml.edu University of Massachusetts Lowell AI guidance,AI Guidance (Office of Research Integrity) | Exploring AI | Center for Excellence in Learning and Teaching | UMass Lowell,https://www.uml.edu/celt/exploring-ai/ori-guidance.aspx,exa,True
University of Massachusetts Lowell,https://www.uml.edu/,uml.edu,site:uml.edu University of Massachusetts Lowell AI guidance,Introducing Artificial Intelligence in Syllabi | Exploring AI | Center for Excellence in Learning and Teaching | UMass Lowell,https://www.uml.edu/celt/exploring-ai/ai-in-syllabi.aspx,exa,True
University of Massachusetts Lowell,https://www.uml.edu/,uml.edu,site:uml.edu University of Massachusetts Lowell AI guidance,Course Information | UMass Lowell,https://www.uml.edu/catalog/courses/eece/4860,exa,True
University of Massachusetts Lowell,https://www.uml.edu/,uml.edu,site:uml.edu University of Massachusetts Lowell AI guidance,AI Automation and Agentic AI Basics,https://upskill.uml.edu/ai-automation,exa,True
University of Massachusetts Lowell,https://www.uml.edu/,uml.edu,site:uml.edu University of Massachusetts Lowell AI academic integrity,Academic Integrity | Academic Policies & Procedures | UMass Lowell,https://gps.uml.edu/policies/academicintegrity.cfm,exa,True
University of Massachusetts Lowell,https://www.uml.edu/,uml.edu,site:uml.edu University of Massachusetts Lowell AI academic integrity,Pedagogy Collections and Guides,https://www.uml.edu/celt/resources/collections.aspx,exa,True
University of Massachusetts Lowell,https://www.uml.edu/,uml.edu,site:uml.edu University of Massachusetts Lowell academic integrity,Student Conduct Code | Student Rights and Responsibilities | Student Affairs,https://www.uml.edu/student-services/student-conduct/conduct-code/,exa,True
University of Massachusetts Lowell,https://www.uml.edu/,uml.edu,site:uml.edu University of Massachusetts Lowell academic integrity,Home | Academic Policies & Procedures,https://gps.uml.edu/policies/policies.cfm,exa,True
University of Massachusetts Lowell,https://www.uml.edu/,uml.edu,site:uml.edu University of Massachusetts Lowell academic integrity,University Disciplinary Procedures | Graduate Programs & Policies | Academic Catalog | UMass Lowell,https://www.uml.edu/catalog/graduate/policies/university-disciplinary-procedures-for-graduate-students.aspx,exa,True
Highline College,https://www.highline.edu/,highline.edu,site:highline.edu Highline College generative AI policy,Generative AI » Learning & Teaching Center,https://ltc.highline.edu/teaching-excellence/generative-ai/,exa,True
Highline College,https://www.highline.edu/,highline.edu,site:highline.edu Highline College generative AI policy,Highline College Library: AI and ChatGPT  Information: Home,https://library.highline.edu/AI,exa,True
Highline College,https://www.highline.edu/,highline.edu,site:highline.edu Highline College generative AI policy,AI and ChatGPT  Information,https://library.highline.edu/c.php?g=1299113&p=10143188,exa,True
Highline College,https://www.highline.edu/,highline.edu,site:highline.edu Highline College generative AI policy,ITS Announces the Availability of Microsoft 365 Copilot and Google Gemini for Workspaces,https://its.highline.edu/announces-availability-microsoft-365-copilot-google-gemini-workspaces/,exa,True
Highline College,https://www.highline.edu/,highline.edu,site:highline.edu Highline College generative AI policy,Guide to Microsoft 365 CoPilot and Google Gemini,https://its.highline.edu/ai-guide/,exa,True
Highline College,https://www.highline.edu/,highline.edu,site:highline.edu Highline College generative AI policy,Instructor Resources » Student Services,https://studentservices.highline.edu/student-conduct/academic-integrity/instructor-resources/,exa,True
Highline College,https://www.highline.edu/,highline.edu,site:highline.edu Highline College generative AI policy,College Policies and Procedures,https://catalog.highline.edu/content.php?catoid=31&navoid=2077,exa,True
Highline College,https://www.highline.edu/,highline.edu,site:highline.edu Highline College generative AI policy,Faculty Handbook,https://academicaffairs.highline.edu/faculty/faculty-handbook/,exa,True
Highline College,https://www.highline.edu/,highline.edu,site:highline.edu Highline College generative AI policy,Instructional Policies and Procedures,https://catalog.highline.edu/content.php?catoid=31&navoid=2060,exa,True
Highline College,https://www.highline.edu/,highline.edu,site:highline.edu Highline College generative AI policy,Syllabi » Learning &amp; Teaching Center,https://ltc.highline.edu/teaching-excellence/course-organization/syllabi/,exa,True
Highline College,https://www.highline.edu/,highline.edu,site:highline.edu Highline College generative AI policy,Highline Library Newsletters,https://library.highline.edu/c.php?g=1151299&p=10341194,exa,True
Highline College,https://www.highline.edu/,highline.edu,site:highline.edu Highline College generative AI policy,IT Security Policy,https://its.highline.edu/it-security/policy/,exa,True
Highline College,https://www.highline.edu/,highline.edu,site:highline.edu Highline College generative AI policy,ITS Operational Policies and Procedures,https://its.highline.edu/helpdesk/operational-policies-procedures/,exa,True
Highline College,https://www.highline.edu/,highline.edu,site:highline.edu Highline College generative AI policy,"Web Development with AI, AAS",https://catalog.highline.edu/preview_program.php?catoid=31&poid=8735&print=,exa,True
Highline College,https://www.highline.edu/,highline.edu,site:highline.edu Highline College generative AI policy,Privacy Policy,https://www.highline.edu/about/policies/privacy.html,exa,True
Highline College,https://www.highline.edu/,highline.edu,site:highline.edu Highline College AI policy,Academic Integrity,https://studentservices.highline.edu/student-conduct/academic-integrity/,exa,True
Highline College,https://www.highline.edu/,highline.edu,site:highline.edu Highline College AI policy,Zoom AI Companion » Information Technology Services,https://its.highline.edu/zoom/companion/,exa,True
Highline College,https://www.highline.edu/,highline.edu,site:highline.edu Highline College AI policy,The Thunderword - Official Newspaper of Highline College,https://thunderword.highline.edu/2025/11/20/is-ais-role-in-education-helping-or-harming/,exa,True
Highline College,https://www.highline.edu/,highline.edu,site:highline.edu Highline College AI academic integrity,Academic Integrity,https://ltc.highline.edu/teaching-excellence/online-teaching-resources/academic-honesty/,exa,True
Highline College,https://www.highline.edu/,highline.edu,site:highline.edu Highline College AI academic integrity,Instructional Policies and Procedures,https://catalog.highline.edu/content.php?catoid=28&navoid=1891,exa,True
Highline College,https://www.highline.edu/,highline.edu,site:highline.edu Highline College academic integrity,Student Conduct Violations,https://studentservices.highline.edu/student-conduct/violations/,exa,True
Highline College,https://www.highline.edu/,highline.edu,site:highline.edu Highline College academic integrity,Student Conduct Code,https://studentservices.highline.edu/student-conduct/code/,exa,True
Highline College,https://www.highline.edu/,highline.edu,site:highline.edu Highline College academic integrity,Student Conduct,https://studentservices.highline.edu/student-conduct/,exa,True
Highline College,https://www.highline.edu/,highline.edu,site:highline.edu Highline College academic integrity,Policies,https://www.highline.edu/about/policies/index.html,exa,True
Highline College,https://www.highline.edu/,highline.edu,site:highline.edu Highline College academic integrity,Instructional Policies and Procedures - Highline College,https://catalog.highline.edu/content.php?catoid=27&navoid=1848,exa,True
Highline College,https://www.highline.edu/,highline.edu,site:highline.edu Highline College academic integrity,College Policies and Procedures - Highline College,https://catalog.highline.edu/content.php?catoid=30&navoid=2033&print=,exa,True
University of Pikeville,https://www.upike.edu/,upike.edu,site:upike.edu University of Pikeville generative AI policy,,https://www.upike.edu/wp-content/uploads/2025/05/KYCO-Student-Handbook-2025-2026-Final.pdf,exa,True
University of Pikeville,https://www.upike.edu/,upike.edu,site:upike.edu University of Pikeville generative AI policy,University of Pikeville,https://kyco.catalog.upike.edu/academic-policies/acad-integ,exa,True
University of Pikeville,https://www.upike.edu/,upike.edu,site:upike.edu University of Pikeville generative AI policy,,https://www.upike.edu/kycomhandbook,exa,True
University of Pikeville,https://www.upike.edu/,upike.edu,site:upike.edu University of Pikeville generative AI policy,"KYCOM - Policies | UPIKE | University of Pikeville - Pikeville, Kentucky",https://www.upike.edu/osteopathic-medicine/kycom-policies/,exa,True
University of Pikeville,https://www.upike.edu/,upike.edu,site:upike.edu University of Pikeville generative AI policy,University of Pikeville,https://kycom.catalog.upike.edu/academic-information/ferpa,exa,True
University of Pikeville,https://www.upike.edu/,upike.edu,site:upike.edu University of Pikeville generative AI policy,University of Pikeville,https://undergrad-grad.catalog.upike.edu/graduate-information/academic-policies,exa,True
University of Pikeville,https://www.upike.edu/,upike.edu,site:upike.edu University of Pikeville generative AI policy,University of Pikeville,https://undergrad-grad.catalog.upike.edu/undergraduate-information/academic-policies,exa,True
University of Pikeville,https://www.upike.edu/,upike.edu,site:upike.edu University of Pikeville generative AI policy,Conduct FAQs,https://www.upike.edu/undergraduate/student-affairs/student-conduct/faq/,exa,True
University of Pikeville,https://www.upike.edu/,upike.edu,site:upike.edu University of Pikeville generative AI policy,University of Pikeville,https://undergrad-grad.catalog.upike.edu/welcome/important-information,exa,True
University of Pikeville,https://www.upike.edu/,upike.edu,site:upike.edu University of Pikeville generative AI policy,College of Nursing and Human Services | UPIKE,https://www.upike.edu/college/nursinghumanservices/,exa,True
University of Pikeville,https://www.upike.edu/,upike.edu,site:upike.edu University of Pikeville generative AI policy,UPIKE Student Activities | UPIKE | University of Pikeville,https://www.upike.edu/undergraduate/student-affairs/student-handbook/,exa,True
University of Pikeville,https://www.upike.edu/,upike.edu,site:upike.edu University of Pikeville generative AI policy,UPIKE Newsroom,https://www.upike.edu/aikcu-and-upike-partner-to-benefit-the-future-of-healthcare-in-the-commonwealth/,exa,True
University of Pikeville,https://www.upike.edu/,upike.edu,site:upike.edu University of Pikeville generative AI policy,Privacy Policy | UPIKE,https://www.upike.edu/offices/marcomm/privacy-policy/,exa,True
University of Pikeville,https://www.upike.edu/,upike.edu,site:upike.edu University of Pikeville generative AI policy,Annual Notifications,https://www.upike.edu/undergraduate/student-affairs/annual-notifications/,exa,True
University of Pikeville,https://www.upike.edu/,upike.edu,site:upike.edu University of Pikeville generative AI policy,UPIKE Selected for National Psychedelic-Assisted Therapy Program | UPIKE,https://www.upike.edu/upike-selected-for-national-psychedelic-assisted-therapy-program/,exa,True
University of Pikeville,https://www.upike.edu/,upike.edu,site:upike.edu University of Pikeville generative AI policy,,https://upike.edu/kycom-student-handbook,exa,True
University of Pikeville,https://www.upike.edu/,upike.edu,site:upike.edu University of Pikeville generative AI policy,KYCO Student Resources,https://www.upike.edu/optometry/program-overview/kyco-student-resources/,exa,True
University of Pikeville,https://www.upike.edu/,upike.edu,site:upike.edu University of Pikeville AI policy,Student Conduct,https://www.upike.edu/undergraduate/student-affairs/student-conduct/,exa,True
University of Pikeville,https://www.upike.edu/,upike.edu,site:upike.edu University of Pikeville AI policy,Student Handbook 2024/2025- Introduction,https://www.upike.edu/student-handbook-introduction/,exa,True
University of Pikeville,https://www.upike.edu/,upike.edu,site:upike.edu University of Pikeville AI policy,"Public Safety | UPIKE | University of Pikeville - Pikeville, Kentucky",https://www.upike.edu/undergraduate/student-affairs/public-safety/parking/,exa,True
University of Pikeville,https://www.upike.edu/,upike.edu,site:upike.edu University of Pikeville AI policy,,https://www.upike.edu/student-handbook-residential-living-guidelines1/,exa,True
University of Pikeville,https://www.upike.edu/,upike.edu,site:upike.edu University of Pikeville AI policy,,https://www.upike.edu/wp-content/uploads/2025/08/KYCOM-2023-2028-Strategic-Plan.pdf,exa,True
University of Pikeville,https://www.upike.edu/,upike.edu,site:upike.edu University of Pikeville AI policy,,https://upike.edu/kycom-Research-and-Scholarly-Activity-Policy,exa,True
University of Pikeville,https://www.upike.edu/,upike.edu,site:upike.edu University of Pikeville AI guidance,Satisfactory Academic Progress | UPIKE,https://www.upike.edu/undergraduate/financial-aid/sap/,exa,True
University of Pikeville,https://www.upike.edu/,upike.edu,site:upike.edu University of Pikeville AI guidance,Microsoft Word - KYCO Catalog 2021-22_Mary's Working Copy_5.6.21[2].docx,https://www.upike.edu/wp-content/uploads/2025/06/KYCO-2025-26-Catalog_.pdf,exa,True
University of Pikeville,https://www.upike.edu/,upike.edu,site:upike.edu University of Pikeville AI academic integrity,University of Pikeville,https://kyco.catalog.upike.edu/,exa,True
University of Pikeville,https://www.upike.edu/,upike.edu,site:upike.edu University of Pikeville AI academic integrity,,https://www.upike.edu/wp-content/uploads/2021/11/Employee-Handbook-2020-21-9.21.2021.pdf,exa,True
University of Pikeville,https://www.upike.edu/,upike.edu,site:upike.edu University of Pikeville AI academic integrity,,https://www.upike.edu/wp-content/uploads/2024/12/PC-FactBook-2025-Ed-FULL.pdf,exa,True
California Institute of Applied Technology,https://www.ciat.edu/,ciat.edu,site:ciat.edu California Institute of Applied Technology generative AI policy,Applied Technology College in San Diego,https://www.ciat.edu/programs/CAIML/courses/CAI104,exa,True
California Institute of Applied Technology,https://www.ciat.edu/,ciat.edu,site:ciat.edu California Institute of Applied Technology generative AI policy,Online AI & Machine Learning Certificate,https://www.ciat.edu/programs/artificial-intelligence/CAIML,exa,True
California Institute of Applied Technology,https://www.ciat.edu/,ciat.edu,site:ciat.edu California Institute of Applied Technology generative AI policy,Applied Technology College in San Diego,https://www.ciat.edu/student-resources/academic-integrity,exa,True
California Institute of Applied Technology,https://www.ciat.edu/,ciat.edu,site:ciat.edu California Institute of Applied Technology generative AI policy,Applied Technology College in San Diego,https://www.ciat.edu/student-resources/attendance-policy,exa,True
California Institute of Applied Technology,https://www.ciat.edu/,ciat.edu,site:ciat.edu California Institute of Applied Technology generative AI policy,Student Resources,https://www.ciat.edu/student-resources/2025-student-handbooks,exa,True
California Institute of Applied Technology,https://www.ciat.edu/,ciat.edu,site:ciat.edu California Institute of Applied Technology generative AI policy,Student Resources & Support Services - CIAT,https://www.ciat.edu/student-resources?category_id=104,exa,True
California Institute of Applied Technology,https://www.ciat.edu/,ciat.edu,site:ciat.edu California Institute of Applied Technology generative AI policy,Best AI Tools for Students 2026 | CIAT,https://www.ciat.edu/blog/best-ai-tools-for-students/,exa,True
California Institute of Applied Technology,https://www.ciat.edu/,ciat.edu,site:ciat.edu California Institute of Applied Technology generative AI policy,It’s time to rethink your approach to education.,https://www.ciat.edu/,exa,True
California Institute of Applied Technology,https://www.ciat.edu/,ciat.edu,site:ciat.edu California Institute of Applied Technology generative AI policy,Programs | CIAT,https://www.ciat.edu/programs,exa,True
California Institute of Applied Technology,https://www.ciat.edu/,ciat.edu,site:ciat.edu California Institute of Applied Technology generative AI policy,Artificial Intelligence,https://www.ciat.edu/programs/artificial-intelligence,exa,True
California Institute of Applied Technology,https://www.ciat.edu/,ciat.edu,site:ciat.edu California Institute of Applied Technology generative AI policy,Consumer Information Disclosures,https://ciat.edu/ciat-consumer-information,exa,True
California Institute of Applied Technology,https://www.ciat.edu/,ciat.edu,site:ciat.edu California Institute of Applied Technology generative AI policy,CAI104 — Introduction to Generative Artificial Intelligence,https://www.ciat.edu/programs/BASD/courses/CAI104,exa,True
California Institute of Applied Technology,https://www.ciat.edu/,ciat.edu,site:ciat.edu California Institute of Applied Technology generative AI policy,Applied Technology College in San Diego,https://ciat.edu/institutions/california,exa,True
California Institute of Applied Technology,https://www.ciat.edu/,ciat.edu,site:ciat.edu California Institute of Applied Technology generative AI policy,Institution Locations,https://www.ciat.edu/institutions/NULL,exa,True
California Institute of Applied Technology,https://www.ciat.edu/,ciat.edu,site:ciat.edu California Institute of Applied Technology generative AI policy,CIAT Technical College - Admissions Eligibility Guidelines,https://www.ciat.edu/admissions/eligibility,exa,True
California Institute of Applied Technology,https://www.ciat.edu/,ciat.edu,site:ciat.edu California Institute of Applied Technology generative AI policy,New Students | Admissions | Online IT Education - CIAT,https://www.ciat.edu/admissions/new-students,exa,True
California Institute of Applied Technology,https://www.ciat.edu/,ciat.edu,site:ciat.edu California Institute of Applied Technology generative AI policy,2025 CIAT Attendance Guide - Applied Technology College in San Diego | CIAT,https://ciat.edu/student-resources/2025-ciat-attendance-guide,exa,True
California Institute of Applied Technology,https://www.ciat.edu/,ciat.edu,site:ciat.edu California Institute of Applied Technology generative AI policy,Admissions  Graduation Requirements,https://www.ciat.edu/admissions/graduation-requirements,exa,True
California Institute of Applied Technology,https://www.ciat.edu/,ciat.edu,site:ciat.edu California Institute of Applied Technology generative AI policy,CIAT Late Coursework Submission Policy - Applied Technology College in San Diego | CIAT,https://www.ciat.edu/student-resources/ciat-late-coursework-submission-policy,exa,True
California Institute of Applied Technology,https://www.ciat.edu/,ciat.edu,site:ciat.edu California Institute of Applied Technology generative AI policy,Accreditation & Approvals  California Institution,https://ftp.ciat.edu/accreditation-approvals/california,exa,True
California Institute of Applied Technology,https://www.ciat.edu/,ciat.edu,site:ciat.edu California Institute of Applied Technology generative AI policy,CIAT Privacy Policy,https://ciat.edu/privacy-policy,exa,True
California Institute of Applied Technology,https://www.ciat.edu/,ciat.edu,site:ciat.edu California Institute of Applied Technology AI policy,CAI104 — Introduction to Generative Artificial Intelligence,https://ciat.edu/programs/CAIML/courses/CAI104,exa,True
California Institute of Applied Technology,https://www.ciat.edu/,ciat.edu,site:ciat.edu California Institute of Applied Technology AI policy,AI in Cybersecurity: What CIAT Students Need to Know,https://ciat.edu/blog/ai-in-cybersecurity-what-to-know,exa,True
California Institute of Applied Technology,https://www.ciat.edu/,ciat.edu,site:ciat.edu California Institute of Applied Technology AI policy,CIAT Announces Training for CompTIA’s Groundbreaking SecAI+ Certification,https://www.ciat.edu/blog/ciat-comptia-secai-certifcation/,exa,True
California Institute of Applied Technology,https://www.ciat.edu/,ciat.edu,site:ciat.edu California Institute of Applied Technology AI policy,2025 Student Handbooks - Applied Technology College in San Diego | CIAT,https://ciat.edu/student-resources/2025-student-handbooks,exa,True
California Institute of Applied Technology,https://www.ciat.edu/,ciat.edu,site:ciat.edu California Institute of Applied Technology AI policy,Will AI Replace IT Jobs? What Students Need to Know in 2026,https://www.ciat.edu/blog/will-ai-replace-it-jobs-what-students-need-to-know/,exa,True
California Institute of Applied Technology,https://www.ciat.edu/,ciat.edu,site:ciat.edu California Institute of Applied Technology AI policy,Tuition & Financing  In-House Payment Plans,https://www.ciat.edu/financing/in-house-payment-plans,exa,True
California Institute of Applied Technology,https://www.ciat.edu/,ciat.edu,site:ciat.edu California Institute of Applied Technology AI policy,Tuition & Financing  Scholarships,https://www.ciat.edu/scholarships,exa,True
California Institute of Applied Technology,https://www.ciat.edu/,ciat.edu,site:ciat.edu California Institute of Applied Technology AI policy,Online AI & Machine Learning Certificate,https://ciat.edu/programs/artificial-intelligence/caiml,exa,True
California Institute of Applied Technology,https://www.ciat.edu/,ciat.edu,site:ciat.edu California Institute of Applied Technology AI policy,Artificial Intelligence,https://ciat.edu/programs/artificial-intelligence,exa,True
California Institute of Applied Technology,https://www.ciat.edu/,ciat.edu,site:ciat.edu California Institute of Applied Technology AI policy,Explore | Artificial Intelligence | CIAT,https://ciat.edu/programs/explore/artificial-intelligence,exa,True
California Institute of Applied Technology,https://www.ciat.edu/,ciat.edu,site:ciat.edu California Institute of Applied Technology AI guidance,Applied Technology College in San Diego,https://ciat.edu/programs/data-analytics/caiml,exa,True
California Institute of Applied Technology,https://www.ciat.edu/,ciat.edu,site:ciat.edu California Institute of Applied Technology AI guidance,Online Certificate in AI & Machine Learning - CIAT,https://www.ciat.edu/programs/artificial-intelligence/caiml,exa,True
California Institute of Applied Technology,https://www.ciat.edu/,ciat.edu,site:ciat.edu California Institute of Applied Technology AI guidance,Applied Technology College in San Diego,https://www.ciat.edu/programs/BASD/courses/AHS310,exa,True
California Institute of Applied Technology,https://www.ciat.edu/,ciat.edu,site:ciat.edu California Institute of Applied Technology AI guidance,Admissions  Working Adult,https://www.ciat.edu/admissions/working-adult,exa,True
California Institute of Applied Technology,https://www.ciat.edu/,ciat.edu,site:ciat.edu California Institute of Applied Technology AI guidance,Cybersecurity Center - CIAT,https://www.ciat.edu/cybersecurity-center,exa,True
California Institute of Applied Technology,https://www.ciat.edu/,ciat.edu,site:ciat.edu California Institute of Applied Technology AI academic integrity,,https://frontend.ciat.edu/assets/downloads/course-catalogs/CIAT-2025-Catalog-Final.pdf,exa,True
California Institute of Applied Technology,https://www.ciat.edu/,ciat.edu,site:ciat.edu California Institute of Applied Technology AI academic integrity,Course Catalog,https://www.ciat.edu/course-catalog/,exa,True
California Institute of Applied Technology,https://www.ciat.edu/,ciat.edu,site:ciat.edu California Institute of Applied Technology AI academic integrity,,https://frontend.ciat.edu/assets/downloads/course-catalogs/CIAT-2025-Catalog-Final-NM.pdf,exa,True
California Institute of Applied Technology,https://www.ciat.edu/,ciat.edu,site:ciat.edu California Institute of Applied Technology AI academic integrity,Applied Technology College in San Diego | CIAT,https://www.ciat.edu/certification-bootcamps/comptia-secai-plus,exa,True
California Institute of Applied Technology,https://www.ciat.edu/,ciat.edu,site:ciat.edu California Institute of Applied Technology AI academic integrity,Online Programs & Degrees,https://ciat.edu/programs,exa,True
California Institute of Applied Technology,https://www.ciat.edu/,ciat.edu,site:ciat.edu California Institute of Applied Technology AI academic integrity,CIAT Late Coursework Submission Policy - Applied Technology College in San Diego | CIAT,https://ciat.edu/student-resources/ciat-late-coursework-submission-policy,exa,True
California Institute of Applied Technology,https://www.ciat.edu/,ciat.edu,site:ciat.edu California Institute of Applied Technology academic integrity,Knowledge base,https://support.ciat.edu/support/solutions,exa,True
California Institute of Applied Technology,https://www.ciat.edu/,ciat.edu,site:ciat.edu California Institute of Applied Technology academic integrity,Student Resources (OLD ARCHIVE PLEASE DO NOT USE) : California Institute of Applied Technology,https://support.ciat.edu/support/solutions/150000036363,exa,True
California Institute of Applied Technology,https://www.ciat.edu/,ciat.edu,site:ciat.edu California Institute of Applied Technology academic integrity,Student Resources,https://www.ciat.edu/student-resources/student-document-process,exa,True
California Institute of Applied Technology,https://www.ciat.edu/,ciat.edu,site:ciat.edu California Institute of Applied Technology academic integrity,Consumer Information Disclosures,https://www.ciat.edu/ciat-consumer-information,exa,True
New York Law School,https://www.nyls.edu/,nyls.edu,site:nyls.edu New York Law School generative AI policy,Empowering Tomorrow’s Lawyers in the Age of AI: The NYLS Approach - NYLS News,https://news.nyls.edu/empowering-tomorrows-lawyers-in-the-age-of-ai/,exa,True
New York Law School,https://www.nyls.edu/,nyls.edu,site:nyls.edu New York Law School generative AI policy,Empowering Tomorrowâ•Žs Lawyers in the Age of AI: The NYLS Approach,https://digitalcommons.nyls.edu/cgi/viewcontent.cgi?article=1177&context=community_news,exa,True
New York Law School,https://www.nyls.edu/,nyls.edu,site:nyls.edu New York Law School generative AI policy,Generative Artificial Intelligence for Business Lawyers - New York Law School,https://www.nyls.edu/generative-artificial-intelligence-for-business-lawyers/,exa,True
New York Law School,https://www.nyls.edu/,nyls.edu,site:nyls.edu New York Law School generative AI policy,Legal Research and GenAI - New York Law School,https://www.nyls.edu/legal-research-and-genai/,exa,True
New York Law School,https://www.nyls.edu/,nyls.edu,site:nyls.edu New York Law School generative AI policy,Legal Writing and GenAI - New York Law School,https://www.nyls.edu/legal-writing-and-genai/,exa,True
New York Law School,https://www.nyls.edu/,nyls.edu,site:nyls.edu New York Law School generative AI policy,Introduction to Generative AI (Gen AI) - Artificial Intelligence Tools and Resources for Law Students - LibGuides at New York Law School - The Mendik Library,https://libguides.nyls.edu/c.php?g=1461401,exa,True
New York Law School,https://www.nyls.edu/,nyls.edu,site:nyls.edu New York Law School generative AI policy,,https://www.nyls.edu/student-code-of-conduct-and-academic-responsibility,exa,True
New York Law School,https://www.nyls.edu/,nyls.edu,site:nyls.edu New York Law School generative AI policy,Innovation Center for Law and Technology Students - New York Law School,https://www.nyls.edu/academics/specialty-areas/centers-and-institutes/innovation-center-for-law-and-technology/for-students/,exa,True
New York Law School,https://www.nyls.edu/,nyls.edu,site:nyls.edu New York Law School generative AI policy,Michael Pastor Appointed as Dean for Technology Law Programs,https://news.nyls.edu/michael-pastor-appointed-as-dean-for-technology-law-programs/,exa,True
New York Law School,https://www.nyls.edu/,nyls.edu,site:nyls.edu New York Law School generative AI policy,Leadership - New York Law School,https://www.nyls.edu/about/leadership/,exa,True
New York Law School,https://www.nyls.edu/,nyls.edu,site:nyls.edu New York Law School generative AI policy,Michael Pastor - New York Law School,https://www.nyls.edu/faculty/michael-pastor/,exa,True
New York Law School,https://www.nyls.edu/,nyls.edu,site:nyls.edu New York Law School generative AI policy,Course Catalog,https://www.nyls.edu/academics/programs-of-study/courses/,exa,True
New York Law School,https://www.nyls.edu/,nyls.edu,site:nyls.edu New York Law School generative AI policy,NYLS Portal – This is the NYLS Portal,https://go.nyls.edu/,exa,True
New York Law School,https://www.nyls.edu/,nyls.edu,site:nyls.edu New York Law School generative AI policy,,https://www.nyls.edu/anti-discrimination-and-anti-harassment-policy-student,exa,True
New York Law School,https://www.nyls.edu/,nyls.edu,site:nyls.edu New York Law School AI policy,"New York Law School Magazine: Vol.42, No. 1 - NYLS News",https://news.nyls.edu/magazine-vol42-no1/,exa,True
New York Law School,https://www.nyls.edu/,nyls.edu,site:nyls.edu New York Law School AI policy,Policies and Reports - New York Law School,https://www.nyls.edu/about/policies-and-reports/,exa,True
New York Law School,https://www.nyls.edu/,nyls.edu,site:nyls.edu New York Law School AI policy,Handbook for Students with Disabilities,https://www.nyls.edu/wp-content/uploads/2023/09/STUD-Disability-Handbook-0923-v1-Form-2-Reader.pdf,exa,True
New York Law School,https://www.nyls.edu/,nyls.edu,site:nyls.edu New York Law School AI guidance,Artificial Intelligence Tools and Resources for Law Students,https://libguides.nyls.edu/c.php?g=1461401&p=10870477,exa,True
New York Law School,https://www.nyls.edu/,nyls.edu,site:nyls.edu New York Law School AI guidance,CLEs and Auditing Classes,https://www.nyls.edu/alumni/cles-and-auditing-classes/,exa,True
New York Law School,https://www.nyls.edu/,nyls.edu,site:nyls.edu New York Law School AI academic integrity,The Paradox of Free Speech in the Digital World: First Amendment Friendly Proposals for Promoting User Agency,https://digitalcommons.nyls.edu/cgi/viewcontent.cgi?article=2566&context=fac_articles_chapters,exa,True
New York Law School,https://www.nyls.edu/,nyls.edu,site:nyls.edu New York Law School AI academic integrity,NYLS Appoints Michael Goodyear as Associate Professor of Law - NYLS News,https://news.nyls.edu/nyls-appoints-michael-goodyear-as-associate-professor-of-law/,exa,True
New York Law School,https://www.nyls.edu/,nyls.edu,site:nyls.edu New York Law School AI academic integrity,Professor Kris Franklin  Answers the NYLS 10,https://news.nyls.edu/professor-kris-franklin-answers-the-nyls-10/,exa,True
New York Law School,https://www.nyls.edu/,nyls.edu,site:nyls.edu New York Law School academic integrity,Sexual Misconduct Policy,https://www.nyls.edu/wp-content/uploads/2023/04/DEAN-Sexual-Misconduct-Policy-0425-v1r1.pdf?ver=1740434501,exa,True
New York Law School,https://www.nyls.edu/,nyls.edu,site:nyls.edu New York Law School academic integrity,Student Anti-Discrimination and Anti-Harrassment Policy,https://www.nyls.edu/wp-content/uploads/2023/04/dean-non-discrimination-and-harassment-student-policy-0825-v1r1.pdf?ver=1742329883,exa,True
New York Law School,https://www.nyls.edu/,nyls.edu,site:nyls.edu New York Law School academic integrity,Centers and Institutes - New York Law School,https://www.nyls.edu/academics/specialty-areas/centers-and-institutes/,exa,True
New York Law School,https://www.nyls.edu/,nyls.edu,site:nyls.edu New York Law School academic integrity,DigitalCommons@NYLS,https://digitalcommons.nyls.edu/student_handbooks/10/,exa,True
New York Law School,https://www.nyls.edu/,nyls.edu,site:nyls.edu New York Law School academic integrity,DigitalCommons@NYLS,https://digitalcommons.nyls.edu/2025.html,exa,True
New York Law School,https://www.nyls.edu/,nyls.edu,site:nyls.edu New York Law School academic integrity,Registrar - New York Law School,https://www.nyls.edu/academics/programs-of-study/registrar/,exa,True
Auburn University,https://www.auburn.edu/,auburn.edu,site:auburn.edu Auburn University generative AI policy,ADVISORY GUIDANCE: USE OF GENERATIVE AI TOOLS | OACP,https://auburn.edu/administration/oacp/AIGuidance.php,exa,True
Auburn University,https://www.auburn.edu/,auburn.edu,site:auburn.edu Auburn University generative AI policy,The Biggio Center for the Enhancement of Teaching & Learning,https://biggio.auburn.edu/programs/artificial-intelligence/ai-syllabus,exa,True
Auburn University,https://www.auburn.edu/,auburn.edu,site:auburn.edu Auburn University generative AI policy,Violations | Academic Integrity,https://auburn.edu/academic/provost/academic-integrity/reporting/violations/,exa,True
Auburn University,https://www.auburn.edu/,auburn.edu,site:auburn.edu Auburn University generative AI policy,<Draft Plan> Artificial Intelligence @ Auburn University,https://www.auburn.edu/administration/governance/senate/agendas/2022-2023/gen-fac-sp/AI@AU-03-07-23.pdf,exa,True
Auburn University,https://www.auburn.edu/,auburn.edu,site:auburn.edu Auburn University generative AI policy,2025 ASEF AI Use Policy,https://www.auburn.edu/cosam/outreach/stem_outreach/programs/asef/2025_asef_ai_use_policy.pdf,exa,True
Auburn University,https://www.auburn.edu/,auburn.edu,site:auburn.edu Auburn University AI policy,The Biggio Center for the Enhancement of Teaching & Learning,https://biggio.auburn.edu/programs/professional-development-programs/teaching-with-ai-auburn,exa,True
Auburn University,https://www.auburn.edu/,auburn.edu,site:auburn.edu Auburn University AI policy,$2 million investment will create artificial intelligence initiative,https://eng.auburn.edu/news/2022/03/artificial-intelligence-initiative-emboldens-auburns-position-as-leader-in-innovation.html,exa,True
Auburn University,https://www.auburn.edu/,auburn.edu,site:auburn.edu Auburn University AI policy,AI on campus: Technology-enhanced research paying dividends for scholars,https://wire.auburn.edu/content/ocm/2025/08/010920-ai-research-uses-at-auburn.php,exa,True
Auburn University,https://www.auburn.edu/,auburn.edu,site:auburn.edu Auburn University AI policy,Auburn University Strategic Plan 2035: Grounded & Groundbreaking,https://auburn.edu/administration/president/strategic-plan/_assets/pdf/AU_2035_Strategic_Plan.pdf,exa,True
Auburn University,https://www.auburn.edu/,auburn.edu,site:auburn.edu Auburn University AI policy,,https://auburn.edu/administration/president/strategic-plan/_assets/pdf/Year-1-Update-FINAL.pdf,exa,True
Auburn University,https://www.auburn.edu/,auburn.edu,site:auburn.edu Auburn University AI policy,,https://auburn.edu/administration/oacp/dicp/aiguidance.php,exa,True
Auburn University,https://www.auburn.edu/,auburn.edu,site:auburn.edu Auburn University AI policy,,https://ocm.auburn.edu/newsroom/campus_notices/2023/03/1711-5-university-writing.php,exa,True
Auburn University,https://www.auburn.edu/,auburn.edu,site:auburn.edu Auburn University AI policy,Auburn University,https://accessibility.auburn.edu/_assets/pdf/Electronic%20and%20Information%20Technology%20Accessibility%20Policy.pdf,exa,True
Auburn University,https://www.auburn.edu/,auburn.edu,site:auburn.edu Auburn University AI policy,Digital Accessibility,https://auburn.edu/administration/oacp/digital-accessibility/faq.php,exa,True
Auburn University,https://www.auburn.edu/,auburn.edu,site:auburn.edu Auburn University AI policy,2020-2024 Information Technology Strategic Plan,https://auburn.edu/oit/strategic/2020-24/research.php,exa,True
Auburn University,https://www.auburn.edu/,auburn.edu,site:auburn.edu Auburn University AI guidance,Resources || University Writing,https://auburn.edu/academic/provost/university-writing/resources/?tag=Artificial+Intelligence,exa,True
Auburn University,https://www.auburn.edu/,auburn.edu,site:auburn.edu Auburn University AI academic integrity,Academic Dishonesty Student | Office of the Provost,https://www.auburn.edu/academic/provost/academic-honesty/,exa,True
Auburn University,https://www.auburn.edu/,auburn.edu,site:auburn.edu Auburn University AI academic integrity,Academic Dishonesty Student | Office of the Provost,https://auburn.edu/honesty,exa,True
Auburn University,https://www.auburn.edu/,auburn.edu,site:auburn.edu Auburn University AI academic integrity,Departmental Honesty Policy,https://eng.auburn.edu/chen/academics/undergraduate/handbook/honesty-policy/department-policy.html,exa,True
Auburn University,https://www.auburn.edu/,auburn.edu,site:auburn.edu Auburn University AI academic integrity,Guide to Reporting Potential Violations,https://auburn.edu/academic/provost/academic-integrity/faculty/reporting-guide/,exa,True
Auburn University,https://www.auburn.edu/,auburn.edu,site:auburn.edu Auburn University AI academic integrity,Auburn educator on how AI can enhance instruction and student performance,https://harbert.auburn.edu/news/auburn-educator-on-how-ai-enhances-instruction-and-student-performance.html,exa,True
Auburn University,https://www.auburn.edu/,auburn.edu,site:auburn.edu Auburn University academic integrity,Code of Student Conduct,https://studentaffairs.auburn.edu/acsc/policies-processes/code-of-student-conduct/index.php,exa,True
Texas State University,https://www.txst.edu/,txst.edu,site:txst.edu Texas State University generative AI policy,Academic Integrity Guidelines for AI Use,https://www.txst.edu/honorcodecouncil/ai-use-academic-work.html,exa,True
Texas State University,https://www.txst.edu/,txst.edu,site:txst.edu Texas State University generative AI policy,"Student AI Guidelines
      : The Honor Code
      : Texas State University",https://www.txst.edu/honorcodecouncil/ai-use-academic-work/student-ai-guidelines.html,exa,True
Texas State University,https://www.txst.edu/,txst.edu,site:txst.edu Texas State University generative AI policy,"Guidelines for the use of Artificial Intelligence (AI) Tools
      : Information Security Office
      : Texas State University",https://infosecurity.txst.edu/work/spg/guidelines-ai-tools.html,exa,True
Texas State University,https://www.txst.edu/,txst.edu,site:txst.edu Texas State University generative AI policy,"AI Best Practices and Usage Guidelines
      : Division of Information Technology
      : Texas State University",https://doit.txst.edu/txstai/aibestpractices.html,exa,True
Texas State University,https://www.txst.edu/,txst.edu,site:txst.edu Texas State University generative AI policy,Marketing and Communications AI Guidelines,https://brand.txst.edu/resources/ai-guidelines.html,exa,True
Texas State University,https://www.txst.edu/,txst.edu,site:txst.edu Texas State University generative AI policy,ChatGPT,https://services.txst.edu/TDClient/39/ITAC/Requests/ServiceDet?ID=698,exa,True
Texas State University,https://www.txst.edu/,txst.edu,site:txst.edu Texas State University AI policy,"Faculty AI Guidelines
      : The Honor Code
      : Texas State University",https://www.txst.edu/honorcodecouncil/ai-use-academic-work/faculty-ai-guidelines.html,exa,True
Texas State University,https://www.txst.edu/,txst.edu,site:txst.edu Texas State University AI academic integrity,UPPS 07.10.01 - Honor Code,https://policies.txst.edu/university-policies/07-10-01.html,exa,True
Texas State University,https://www.txst.edu/,txst.edu,site:txst.edu Texas State University AI academic integrity,"Syllabus Statement Examples
      : Center for Teaching, Learning, & Scholarship (CTLS)
      : Texas State University",https://ctls.txst.edu/teaching-learning/syllabusstatements.html,exa,True
Texas State University,https://www.txst.edu/,txst.edu,site:txst.edu Texas State University AI academic integrity,Academic Honor Code,https://studenthandbook.txst.edu/rules-and-policies/academic-honor-code.html,exa,True
Texas State University,https://www.txst.edu/,txst.edu,site:txst.edu Texas State University AI academic integrity,The Honor Code,https://www.txst.edu/honorcodecouncil.html,exa,True
Texas State University,https://www.txst.edu/,txst.edu,site:txst.edu Texas State University AI academic integrity,"Teaching Guidelines
      : Center for Teaching, Learning, & Scholarship (CTLS)
      : Texas State University",https://ctls.txst.edu/teaching-learning/teach-learn.html,exa,True
Texas State University,https://www.txst.edu/,txst.edu,site:txst.edu Texas State University academic integrity,Academic Integrity,https://www.txst.edu/honorcodecouncil/Academic-Integrity.html,exa,True
Texas State University,https://www.txst.edu/,txst.edu,site:txst.edu Texas State University academic integrity,"Consequences of Academic Misconduct
      : The Honor Code
      : Texas State University",https://www.txst.edu/honorcodecouncil/student-resources/consequences-of-academic-misconduct.html,exa,True
Texas State University,https://www.txst.edu/,txst.edu,site:txst.edu Texas State University academic integrity,Code of Student Conduct,https://studenthandbook.txst.edu/rules-and-policies/code-of-student-conduct.html,exa,True
Texas State University,https://www.txst.edu/,txst.edu,site:txst.edu Texas State University academic integrity,Rules and Policies,https://studenthandbook.txst.edu/rules-and-policies.html,exa,True
Harvard University,https://www.harvard.edu/,harvard.edu,site:harvard.edu Harvard University generative AI policy,Generative AI Guidelines,https://www.huit.harvard.edu/news/ai-guidelines,exa,True
Harvard University,https://www.harvard.edu/,harvard.edu,site:harvard.edu Harvard University generative AI policy,Office of the Provost,https://provost.harvard.edu/guidelines-using-chatgpt-and-other-generative-ai-tools-harvard,exa,True
Harvard University,https://www.harvard.edu/,harvard.edu,site:harvard.edu Harvard University generative AI policy,Generative AI Guidelines | Harvard University Information Technology,https://huit.harvard.edu/ai/guidelines,exa,True
Harvard University,https://www.harvard.edu/,harvard.edu,site:harvard.edu Harvard University generative AI policy,AI Sandbox Privacy Statement | Harvard University Information Technology,https://www.huit.harvard.edu/privacy/ai-sandbox,exa,True
Harvard University,https://www.harvard.edu/,harvard.edu,site:harvard.edu Harvard University generative AI policy,Harvard AI Sandbox,https://it.hms.harvard.edu/service/harvard-ai-sandbox,exa,True
Harvard University,https://www.harvard.edu/,harvard.edu,site:harvard.edu Harvard University generative AI policy,AI Sandbox | Harvard University Information Technology,https://www.huit.harvard.edu/ai-sandbox,exa,True
Harvard University,https://www.harvard.edu/,harvard.edu,site:harvard.edu Harvard University generative AI policy,Generative AI Guidance – Office of Undergraduate Education,https://oue.fas.harvard.edu/faculty-resources/generative-ai-guidance/,exa,True
Harvard University,https://www.harvard.edu/,harvard.edu,site:harvard.edu Harvard University generative AI policy,HGSE AI Policy,https://registrar.gse.harvard.edu/learning/policies-forms/ai-policy,exa,True
Harvard University,https://www.harvard.edu/,harvard.edu,site:harvard.edu Harvard University generative AI policy,HGSE AI Policy | Office of the Registrar,https://registrar.gse.harvard.edu/AI-policy,exa,True
Harvard University,https://www.harvard.edu/,harvard.edu,site:harvard.edu Harvard University generative AI policy,Generative AI,https://it.hms.harvard.edu/about/policies/responsible-use-generative-ai,exa,True
Harvard University,https://www.harvard.edu/,harvard.edu,site:harvard.edu Harvard University generative AI policy,University-wide working groups,https://www.harvard.edu/ai/working-groups/,exa,True
Harvard University,https://www.harvard.edu/,harvard.edu,site:harvard.edu Harvard University generative AI policy,Harvard University Information Technology,https://www.huit.harvard.edu/news/guidance-ai-meeting-assistants-data-privacy-principles,exa,True
Harvard University,https://www.harvard.edu/,harvard.edu,site:harvard.edu Harvard University generative AI policy,HarvardKey - Sign In,https://hcsra.sph.harvard.edu/news/guidelines-using-ai-tools-harvard,exa,True
Harvard University,https://www.harvard.edu/,harvard.edu,site:harvard.edu Harvard University generative AI policy,Best Practices: Generative AI (Community Members) | University Information Security and Data Privacy,https://privsec.harvard.edu/best-practices-generative-ai-community-members,exa,True
Harvard University,https://www.harvard.edu/,harvard.edu,site:harvard.edu Harvard University generative AI policy,Generative AI: How to Use It and Why It Matters,https://www.hks.harvard.edu/educational-programs/executive-education/generative-ai-how-use-it-and-why-it-matters,exa,True
Harvard University,https://www.harvard.edu/,harvard.edu,site:harvard.edu Harvard University generative AI policy,Generative AI,https://it.hms.harvard.edu/about/policies-and-guidelines/generative-ai,exa,True
Harvard University,https://www.harvard.edu/,harvard.edu,site:harvard.edu Harvard University generative AI policy,"Harvard designs AI sandbox that enables exploration, interaction without compromising security",https://news.harvard.edu/gazette/story/newsplus/harvard-designs-ai-sandbox-that-enables-exploration-interaction-without-compromising-security/,exa,True
Harvard University,https://www.harvard.edu/,harvard.edu,site:harvard.edu Harvard University AI policy,Generative AI Guidelines | Harvard University Information Technology,https://www.huit.harvard.edu/ai/guidelines,exa,True
Harvard University,https://www.harvard.edu/,harvard.edu,site:harvard.edu Harvard University AI policy,,https://www.hks.harvard.edu/sites/default/files/Final_AWP_251_2.pdf,exa,True
Harvard University,https://www.harvard.edu/,harvard.edu,site:harvard.edu Harvard University AI policy,Artificial Intelligence Initiative,https://cyber.harvard.edu/projects/artificial-intelligence-initiative,exa,True
Harvard University,https://www.harvard.edu/,harvard.edu,site:harvard.edu Harvard University AI policy,How to regulate artificial intelligence — Harvard Gazette,https://news.harvard.edu/gazette/story/2025/09/how-to-regulate-artificial-intelligence-ai/,exa,True
Harvard University,https://www.harvard.edu/,harvard.edu,site:harvard.edu Harvard University AI policy,New Article from Our Research Team on U.S. AI Policy and Law | Edmond & Lily Safra Center for Ethics,https://www.ethics.harvard.edu/news/2026/02/new-article-our-research-team-us-ai-policy-and-law,exa,True
Harvard University,https://www.harvard.edu/,harvard.edu,site:harvard.edu Harvard University AI policy,Predicting AI In 2026: A Year Of Consequence | Harvard Kennedy School,https://www.hks.harvard.edu/centers/mrcbg/programs/growthpolicy/predicting-ai-2026-year-consequence,exa,True
Harvard University,https://www.harvard.edu/,harvard.edu,site:harvard.edu Harvard University AI guidance,AI Assistant Guidelines | Harvard University Information Technology,https://www.huit.harvard.edu/ai-assistant-guidelines,exa,True
Harvard University,https://www.harvard.edu/,harvard.edu,site:harvard.edu Harvard University AI guidance,AI Guidance & FAQs,https://oue.fas.harvard.edu/ai-guidance,exa,True
Harvard University,https://www.harvard.edu/,harvard.edu,site:harvard.edu Harvard University AI academic integrity,Academic Integrity and Teaching With(out) AI,https://oaisc.fas.harvard.edu/academic-integrity-and-teaching-without-ai/,exa,True
Harvard University,https://www.harvard.edu/,harvard.edu,site:harvard.edu Harvard University AI academic integrity,Guidance for Faculty on Addressing AI-Related Academic Integrity Issues,https://bokcenter.harvard.edu/guidance-faculty-addressing-ai-related-academic-integrity-issues,exa,True
Harvard University,https://www.harvard.edu/,harvard.edu,site:harvard.edu Harvard University AI academic integrity,Academic Integrity,https://extension.harvard.edu/enrolled-students/academic-integrity/,exa,True
Harvard University,https://www.harvard.edu/,harvard.edu,site:harvard.edu Harvard University AI academic integrity,CS50’s Introduction to Artificial Intelligence with Python,https://cs50.harvard.edu/ai/honesty/,exa,True
Harvard University,https://www.harvard.edu/,harvard.edu,site:harvard.edu Harvard University AI academic integrity,,https://www.fas.harvard.edu/initiatives/generative-artificial-intelligence/academic-research-integrity/,exa,True
Harvard University,https://www.harvard.edu/,harvard.edu,site:harvard.edu Harvard University AI academic integrity,Detecting AI-Assisted Cheating in Online Exams through Behavior Analytics - ADS,https://ui.adsabs.harvard.edu/abs/2025arXiv251018881A/abstract,exa,True
Harvard University,https://www.harvard.edu/,harvard.edu,site:harvard.edu Harvard University AI academic integrity,Students Are Using AI Already. Here’s What They Think Adults Should Know | Harvard Graduate School of Education,https://www.gse.harvard.edu/ideas/usable-knowledge/24/09/students-are-using-ai-already-heres-what-they-think-adults-should-know,exa,True
Harvard University,https://www.harvard.edu/,harvard.edu,site:harvard.edu Harvard University AI academic integrity,Harvard College AI Guidance & FAQs,https://careerservices.fas.harvard.edu/resources/harvard-college-ai-guidance-faqa/,exa,True
Harvard University,https://www.harvard.edu/,harvard.edu,site:harvard.edu Harvard University academic integrity,Policies – Office of Academic Integrity and Student Conduct,https://oaisc.fas.harvard.edu/policies/,exa,True
Harvard University,https://www.harvard.edu/,harvard.edu,site:harvard.edu Harvard University academic integrity,Honor Code – Office of Academic Integrity and Student Conduct,https://www.vpal.harvard.edu/links/honor-code-harvard-college,exa,True
Harvard University,https://www.harvard.edu/,harvard.edu,site:harvard.edu Harvard University academic integrity,Honor Code – Office of Academic Integrity and Student Conduct,https://oaisc.fas.harvard.edu/honor-code/,exa,True
Harvard University,https://www.harvard.edu/,harvard.edu,site:harvard.edu Harvard University academic integrity,Academic Integrity,https://gsas.harvard.edu/policy/academic-integrity,exa,True
Harvard University,https://www.harvard.edu/,harvard.edu,site:harvard.edu Harvard University academic integrity,Office of Academic Integrity and Student Conduct,https://oaisc.fas.harvard.edu/,exa,True
Harvard University,https://www.harvard.edu/,harvard.edu,site:harvard.edu Harvard University academic integrity,Formal Adjudication – Office of Academic Integrity and Student Conduct,https://oaisc.fas.harvard.edu/formal-honor-council-adjudication/,exa,True
Harvard University,https://www.harvard.edu/,harvard.edu,site:harvard.edu Harvard University academic integrity,In-Course Resolution,https://oaisc.fas.harvard.edu/in-course-resolutions/,exa,True
Harvard University,https://www.harvard.edu/,harvard.edu,site:harvard.edu Harvard University academic integrity,Honor Council,https://oaisc.fas.harvard.edu/honor-council/,exa,True
Harvard University,https://www.harvard.edu/,harvard.edu,site:harvard.edu Harvard University academic integrity,Data – Office of Academic Integrity and Student Conduct,https://oaisc.fas.harvard.edu/data/,exa,True
Harvard University,https://www.harvard.edu/,harvard.edu,site:harvard.edu Harvard University academic integrity,A New Era of Academic Integrity,https://college.harvard.edu/about/news/new-era-academic-integrity,exa,True
Harvard University,https://www.harvard.edu/,harvard.edu,site:harvard.edu Harvard University academic integrity,Report of the Ad Hoc Committee to Review the Administrative Boards of Harvard College and Harvard Kenneth C. Griffin Graduate School of Arts & Sciences,https://www.fas.harvard.edu/sites/g/files/omnuum716/files/2025-06/Report%20of%20the%20Committee%20to%20Review%20the%20Administrative%20Boards%2003.27.25_FINAL%20FINAL-ua.pdf,exa,True
Harvard University,https://www.harvard.edu/,harvard.edu,site:harvard.edu Harvard University academic integrity,inside-academic-scandal-story-fraud-and-betrayal,https://www.hks.harvard.edu/publications/inside-academic-scandal-story-fraud-and-betrayal,exa,True
Harvard University,https://www.harvard.edu/,harvard.edu,site:harvard.edu Harvard University academic integrity,,https://honorcouncil.fas.harvard.edu/files/honorcouncil/files/honor_council_procedures.pdf,exa,True
Harvard University,https://www.harvard.edu/,harvard.edu,site:harvard.edu Harvard University academic integrity,,https://adboard.fas.harvard.edu/materials,exa,True
Harvard University,https://www.harvard.edu/,harvard.edu,site:harvard.edu Harvard University academic integrity,Report on Grading,https://oue.fas.harvard.edu/faculty-resources/report-on-grading/,exa,True
Harvard University,https://www.harvard.edu/,harvard.edu,site:harvard.edu Harvard University academic integrity,,https://www.fas.harvard.edu/sites/g/files/omnuum716/files/2025-04/CSCC-FINAL_Adopted-03.04.25-FINAL-ua_0.pdf,exa,True
Harvard University,https://www.harvard.edu/,harvard.edu,site:harvard.edu Harvard University academic integrity,,https://www.harvard.edu/research-funding/wp-content/uploads/sites/16/2025/04/Letter-Sent-to-Harvard-2025-04-11.pdf,exa,True
New York University,https://www.nyu.edu/,nyu.edu,site:nyu.edu New York University generative AI policy,Frequently Asked Questions About Teaching and AI,https://www.nyu.edu/faculty/teaching-and-learning-resources/teaching-with-generative-tools/frequently-asked-questions.html,exa,True
New York University,https://www.nyu.edu/,nyu.edu,site:nyu.edu New York University generative AI policy,Teaching with Generative AI,https://www.nyu.edu/faculty/teaching-and-learning-resources/teaching-with-generative-tools.html,exa,True
New York University,https://www.nyu.edu/,nyu.edu,site:nyu.edu New York University generative AI policy,Academic Integrity for Students at NYU,https://www.nyu.edu/about/policies-guidelines-compliance/policies-and-guidelines/academic-integrity-for-students-at-nyu.html,exa,True
New York University,https://www.nyu.edu/,nyu.edu,site:nyu.edu New York University generative AI policy,Generative AI Guidelines for NYU Communicators,https://www.nyu.edu/employees/resources-and-services/media-and-communications/nyu-brand-guidelines/creating-messaging-and-visual-assets/best-practices/generative-ai-guidelines-for-nyu-communicators.html,exa,True
New York University,https://www.nyu.edu/,nyu.edu,site:nyu.edu New York University generative AI policy,Academic Integrity and Syllabus Support in the Age of Generative AI,https://steinhardt.nyu.edu/faculty-and-staff/academic-affairs/steinhardt-ai-hub/academic-integrity-and-syllabus-support-age,exa,True
New York University,https://www.nyu.edu/,nyu.edu,site:nyu.edu New York University generative AI policy,NYU Generative AI (GenAI) Services,https://www.nyu.edu/life/information-technology/artificial-intelligence-at-nyu/private-ai-generative-pilot.html,exa,True
New York University,https://www.nyu.edu/,nyu.edu,site:nyu.edu New York University generative AI policy,Adapting Assignments to Generative AI,https://www.nyu.edu/faculty/teaching-and-learning-resources/teaching-with-generative-tools/adapting-assignments-to-generative-AI.html,exa,True
New York University,https://www.nyu.edu/,nyu.edu,site:nyu.edu New York University generative AI policy,Getting Started with Generative AI,https://steinhardt.nyu.edu/faculty-and-staff/academic-affairs/steinhardt-ai-hub/getting-started-generative-ai,exa,True
New York University,https://www.nyu.edu/,nyu.edu,site:nyu.edu New York University generative AI policy,Student Learning with Generative AI,https://www.nyu.edu/faculty/teaching-and-learning-resources/Student-Learning-with-Generative-AI.html,exa,True
New York University,https://www.nyu.edu/,nyu.edu,site:nyu.edu New York University generative AI policy,NYU Launches Generative AI Resources for Instructors and Researchers,https://www.nyu.edu/research/navigating-research-technology/stories/nyu-launches-resources-for-instructors-exploring-generative-ai.html,exa,True
New York University,https://www.nyu.edu/,nyu.edu,site:nyu.edu New York University generative AI policy,NYU Office of the Provost Generative AI Workshop: (Re)Designing Assignments and (Re)thinking Assessment for Learning in the Age of GenAI,https://nexus.sps.nyu.edu/post/nyu-office-of-the-provost-generative-ai-workshop-re-designing-assignments-and-re-thinking-assessm,exa,True
New York University,https://www.nyu.edu/,nyu.edu,site:nyu.edu New York University AI policy,AI Guidance & Governance,https://www.nyu.edu/life/information-technology/artificial-intelligence-at-nyu/governance.html,exa,True
New York University,https://www.nyu.edu/,nyu.edu,site:nyu.edu New York University AI policy,Screen Shot 2023-09-07 at 4.06.57 PM,https://www.nyu.edu/content/dam/nyu/provost/documents/Disabling%20the%20AI%20Tool%20in%20Turnitin.pdf,exa,True
New York University,https://www.nyu.edu/,nyu.edu,site:nyu.edu New York University AI policy,NYU AI Center of Excellence,https://www.nyu.edu/life/information-technology/artificial-intelligence-at-nyu/coe.html,exa,True
New York University,https://www.nyu.edu/,nyu.edu,site:nyu.edu New York University AI policy,NYU Joins Gov. Hochul’s ‘Empire AI’ Initiative to Make New York a National Artificial Intelligence Leader,https://www.nyu.edu/about/news-publications/news/2024/january/nyu-joins-gov--hochul-s--empire-ai--initiative-to-make-new-york-.html,exa,True
New York University,https://www.nyu.edu/,nyu.edu,site:nyu.edu New York University AI policy,University Access to Personal Digital Content,https://www.nyu.edu/about/policies-guidelines-compliance/policies-and-guidelines/university-access-to-personal-digital-content.html,exa,True
New York University,https://www.nyu.edu/,nyu.edu,site:nyu.edu New York University AI policy,,https://bhr.stern.nyu.edu/wp-content/uploads/2024/01/NYUCBHRGenerativeAI_June20ONLINEFINAL.pdf,exa,True
New York University,https://www.nyu.edu/,nyu.edu,site:nyu.edu New York University AI guidance,Julia Stoyanovich,https://engineering.nyu.edu/faculty/julia-stoyanovich,exa,True
New York University,https://www.nyu.edu/,nyu.edu,site:nyu.edu New York University AI guidance,Policy on Responsible Use of NYU Computers and Data,https://www.nyu.edu/about/policies-guidelines-compliance/policies-and-guidelines/responsible-use-of-nyu-computers-and-data-policy-on.html,exa,True
New York University,https://www.nyu.edu/,nyu.edu,site:nyu.edu New York University AI guidance,Korea and NYU Establish Global AI Frontier Lab,https://www.nyu.edu/about/news-publications/news/2024/may/korea-and-nyu-establish-global-ai-frontier-lab.html,exa,True
New York University,https://www.nyu.edu/,nyu.edu,site:nyu.edu New York University AI guidance,Guidance for the New Global Dialogue on AI Governance,https://cic.nyu.edu/resources/guidance-for-the-new-global-dialogue-on-ai-governance/,exa,True
New York University,https://www.nyu.edu/,nyu.edu,site:nyu.edu New York University AI academic integrity,Academic Integrity | ITP Faculty Help,https://itp.nyu.edu/help/faculty/academic-integrity/,exa,True
New York University,https://www.nyu.edu/,nyu.edu,site:nyu.edu New York University AI academic integrity,Student Code of Conduct | NYU Tandon School of Engineering,https://engineering.nyu.edu/life-tandon/student-life/student-advocacy/student-code-conduct,exa,True
New York University,https://www.nyu.edu/,nyu.edu,site:nyu.edu New York University AI academic integrity,Policy & Rules,https://cs.nyu.edu/dynamic/undergraduates/overview/academic-integrity-privacy/,exa,True
New York University,https://www.nyu.edu/,nyu.edu,site:nyu.edu New York University AI academic integrity,Steinhardt AI Hub | NYU Steinhardt,https://steinhardt.nyu.edu/faculty-and-staff/academic-affairs/steinhardt-ai-hub,exa,True
New York University,https://www.nyu.edu/,nyu.edu,site:nyu.edu New York University AI academic integrity,Academic Integrity,https://as.nyu.edu/departments/cns/UndergraduateProgram/AcademicIntegrity.html,exa,True
New York University,https://www.nyu.edu/,nyu.edu,site:nyu.edu New York University AI academic integrity,Enhancing Teaching and Learning with Generative AI,https://steinhardt.nyu.edu/faculty-and-staff/academic-affairs/steinhardt-ai-hub/enhancing-teaching-and-learning-generative-ai,exa,True
New York University,https://www.nyu.edu/,nyu.edu,site:nyu.edu New York University AI academic integrity,,https://steinhardt.nyu.edu/faculty-and-staff/institutional-effectiveness/course-and-program-proposals/guidelines-creating-new,exa,True
New York University,https://www.nyu.edu/,nyu.edu,site:nyu.edu New York University AI academic integrity,Academic Policies for Tandon Graduate Students | NYU Bulletins,https://bulletins.nyu.edu/graduate/engineering/academic-policies/,exa,True
New York University,https://www.nyu.edu/,nyu.edu,site:nyu.edu New York University AI academic integrity,Undergraduate Academic Requirements and Policies,http://bulletin.engineering.nyu.edu/content.php?catoid=16&navoid=1298,exa,True
New York University,https://www.nyu.edu/,nyu.edu,site:nyu.edu New York University AI academic integrity,Policy & Rules,https://cs.nyu.edu/home/phd/policy.html,exa,True
New York University,https://www.nyu.edu/,nyu.edu,site:nyu.edu New York University academic integrity,Academic Integrity,https://cas.nyu.edu/academic-integrity.html,exa,True
New York University,https://www.nyu.edu/,nyu.edu,site:nyu.edu New York University academic integrity,Academic Policies,https://bulletins.nyu.edu/undergraduate/professional-studies/academic-policies/,exa,True
New York University,https://www.nyu.edu/,nyu.edu,site:nyu.edu New York University academic integrity,Academic Code: Student Disciplinary Procedures,https://wagner.nyu.edu/portal/students/policies/code,exa,True
New York University,https://www.nyu.edu/,nyu.edu,site:nyu.edu New York University academic integrity,University Student Conduct Policy,https://www.nyu.edu/about/policies-guidelines-compliance/policies-and-guidelines/university-student-conduct-policy.html,exa,True
New York University,https://www.nyu.edu/,nyu.edu,site:nyu.edu New York University academic integrity,Student Conduct Procedures,https://www.nyu.edu/students/student-information-and-resources/student-community-standards/studentconductprocedures.html,exa,True
New York University,https://www.nyu.edu/,nyu.edu,site:nyu.edu New York University academic integrity,Statement By NYU Spokesperson John Beckman,https://www.nyu.edu/about/news-publications/news/2025/may/statement-by-nyu-spokesperson-john-beckman.html,exa,True
New York University,https://www.nyu.edu/,nyu.edu,site:nyu.edu New York University academic integrity,College of Arts & Science Rules and Procedures,https://as.nyu.edu/administrative-resources/misc/committee-on-student-discipline/cas-rules-and-procedures.html,exa,True
New York University,https://www.nyu.edu/,nyu.edu,site:nyu.edu New York University academic integrity,,https://bulletins.nyu.edu/graduate/arts/academic-policies/academic-policies.pdf,exa,True
New York University,https://www.nyu.edu/,nyu.edu,site:nyu.edu New York University academic integrity,,https://bulletins.nyu.edu/undergraduate/professional-studies/academic-policies/academic-policies.pdf,exa,True
New York University,https://www.nyu.edu/,nyu.edu,site:nyu.edu New York University academic integrity,Academic Integrity Guide,https://liberalstudies.nyu.edu/academics/academic-integrity-guide.html,exa,True
New York University,https://www.nyu.edu/,nyu.edu,site:nyu.edu New York University academic integrity,Factbook and Common Data Sets,https://www.nyu.edu/employees/resources-and-services/administrative-services/institutional-research/self-service-reporting-resources/factbook.html,exa,True
New York University,https://www.nyu.edu/,nyu.edu,site:nyu.edu New York University academic integrity,Enrollment and Graduation Statistics,https://bulletins.nyu.edu/nyu/enrollment-graduation-statistics/enrollment-graduation-statistics.pdf,exa,True
New York University,https://www.nyu.edu/,nyu.edu,site:nyu.edu New York University academic integrity,,https://www.nyu.edu/content/dam/nyu/campusSafety/documents/NYU-NEWYORK-ASR-24.pdf,exa,True
